1	1	Simpsons Roasting on an Open Fire	1974	http://simpsons.wikia.com/wiki/Simpsons_Roasting_on_an_Open_Fire
2	2	Bart the Genius	2045	http://simpsons.wikia.com/wiki/Bart_the_Genius
3	3	Homer's Odyssey	1493	http://simpsons.wikia.com/wiki/Homer%27s_Odyssey
4	4	There's No Disgrace Like Home	2110	http://simpsons.wikia.com/wiki/There%27s_No_Disgrace_Like_Home
5	5	Bart the General	2113	http://simpsons.wikia.com/wiki/Bart_the_General
6	6	Moaning Lisa	2114	http://simpsons.wikia.com/wiki/Moaning_Lisa
7	7	The Call of the Simpsons	2115	http://simpsons.wikia.com/wiki/The_Call_of_the_Simpsons
8	8	The Telltale Head	2120	http://simpsons.wikia.com/wiki/The_Telltale_Head
9	9	Life on the Fast Lane	2119	http://simpsons.wikia.com/wiki/Life_on_the_Fast_Lane
10	10	Homer's Night Out	1744	http://simpsons.wikia.com/wiki/Homer%27s_Night_Out
11	11	The Crepes of Wrath	2121	http://simpsons.wikia.com/wiki/The_Crepes_of_Wrath
12	12	Krusty Gets Busted	1495	http://simpsons.wikia.com/wiki/Krusty_Gets_Busted
13	13	Some Enchanted Evening	1740	http://simpsons.wikia.com/wiki/Some_Enchanted_Evening
14	1	Bart Gets an F	2286	http://simpsons.wikia.com/wiki/Bart_Gets_an_%22F%22
15	2	Simpson and Delilah	2047	http://simpsons.wikia.com/wiki/Simpson_and_Delilah
16	3	Treehouse of Horror	1521	http://simpsons.wikia.com/wiki/Treehouse_of_Horror
17	4	Two Cars in Every Garage and Three Eyes on Every Fish	2767	http://simpsons.wikia.com/wiki/Two_Cars_in_Every_Garage_and_Three_Eyes_on_Every_Fish
18	5	Dancin' Homer	2768	http://simpsons.wikia.com/wiki/Dancin%27_Homer
19	6	Dead Putting Society	2048	http://simpsons.wikia.com/wiki/Dead_Putting_Society
20	7	Bart vs. Thanksgiving	2769	http://simpsons.wikia.com/wiki/Bart_vs._Thanksgiving
21	8	Bart the Daredevil	1969	http://simpsons.wikia.com/wiki/Bart_the_Daredevil
22	9	Itchy & Scratchy & Marge	2675	http://simpsons.wikia.com/wiki/Itchy_%26_Scratchy_%26_Marge
23	10	Bart Gets Hit by a Car	2771	http://simpsons.wikia.com/wiki/Bart_Gets_Hit_by_a_Car
24	11	One Fish, Two Fish, Blowfish, Blue Fish	2772	http://simpsons.wikia.com/wiki/One_Fish,_Two_Fish,_Blowfish,_Blue_Fish
25	12	The Way We Was	2773	http://simpsons.wikia.com/wiki/The_Way_We_Was
26	13	Homer vs. Lisa and the 8th Commandment	2774	http://simpsons.wikia.com/wiki/Homer_vs._Lisa_and_the_8th_Commandment
27	14	Principal Charming	2775	http://simpsons.wikia.com/wiki/Principal_Charming
28	15	Oh Brother, Where Art Thou?	2776	http://simpsons.wikia.com/wiki/Oh_Brother,_Where_Art_Thou%3F
29	16	Bart's Dog Gets an F	2777	http://simpsons.wikia.com/wiki/Bart%27s_Dog_Gets_an_F
30	17	Old Money	2778	http://simpsons.wikia.com/wiki/Old_Money
31	18	Brush with Greatness	2779	http://simpsons.wikia.com/wiki/Brush_with_Greatness
32	19	Lisa's Substitute	2780	http://simpsons.wikia.com/wiki/Lisa%27s_Substitute
33	20	The War of the Simpsons	2781	http://simpsons.wikia.com/wiki/The_War_of_the_Simpsons
34	21	Three Men and a Comic Book	2886	http://simpsons.wikia.com/wiki/Three_Men_and_a_Comic_Book
35	22	Blood Feud	2783	http://simpsons.wikia.com/wiki/Blood_Feud
36	1	Stark Raving Dad	2295	http://simpsons.wikia.com/wiki/Stark_Raving_Dad
37	2	Mr. Lisa Goes to Washington	2296	http://simpsons.wikia.com/wiki/Mr._Lisa_Goes_to_Washington
38	3	When Flanders Failed	2297	http://simpsons.wikia.com/wiki/When_Flanders_Failed
39	4	Bart the Murderer	2784	http://simpsons.wikia.com/wiki/Bart_the_Murderer
40	5	Homer Defined	2785	http://simpsons.wikia.com/wiki/Homer_Defined
41	6	Like Father, Like Clown	2738	http://simpsons.wikia.com/wiki/Like_Father,_Like_Clown
42	7	Treehouse of Horror II	1966	http://simpsons.wikia.com/wiki/Treehouse_of_Horror_II
43	8	Lisa's Pony	2786	http://simpsons.wikia.com/wiki/Lisa%27s_Pony
44	9	Saturdays of Thunder	2787	http://simpsons.wikia.com/wiki/Saturdays_of_Thunder
45	10	Flaming Moe's	2788	http://simpsons.wikia.com/wiki/Flaming_Moe%27s
46	11	Burns Verkaufen der Kraftwerk	2789	http://simpsons.wikia.com/wiki/Burns_Verkaufen_der_Kraftwerk
47	12	I Married Marge	2790	http://simpsons.wikia.com/wiki/I_Married_Marge
48	13	Radio Bart	2044	http://simpsons.wikia.com/wiki/Radio_Bart
49	14	Lisa the Greek	2791	http://simpsons.wikia.com/wiki/Lisa_the_Greek
50	15	Homer Alone	2792	http://simpsons.wikia.com/wiki/Homer_Alone
51	16	Bart the Lover	2793	http://simpsons.wikia.com/wiki/Bart_the_Lover
52	17	Homer at the Bat	2794	http://simpsons.wikia.com/wiki/Homer_at_the_Bat
53	18	Separate Vocations	2795	http://simpsons.wikia.com/wiki/Separate_Vocations
54	19	Dog of Death	2796	http://simpsons.wikia.com/wiki/Dog_of_Death
55	20	Colonel Homer	2797	http://simpsons.wikia.com/wiki/Colonel_Homer
56	21	Black Widower	2798	http://simpsons.wikia.com/wiki/Black_Widower
57	22	The Otto Show	2799	http://simpsons.wikia.com/wiki/The_Otto_Show
58	23	Bart's Friend Falls in Love	2800	http://simpsons.wikia.com/wiki/Bart%27s_Friend_Falls_in_Love
59	24	Brother, Can You Spare Two Dimes?	2639	http://simpsons.wikia.com/wiki/Brother,_Can_You_Spare_Two_Dimes%3F
60	1	Kamp Krusty	2801	http://simpsons.wikia.com/wiki/Kamp_Krusty
61	2	A Streetcar Named Marge	2802	http://simpsons.wikia.com/wiki/A_Streetcar_Named_Marge
62	3	Homer the Heretic	2803	http://simpsons.wikia.com/wiki/Homer_the_Heretic
63	4	Lisa the Beauty Queen	2804	http://simpsons.wikia.com/wiki/Lisa_the_Beauty_Queen
64	5	Treehouse of Horror III	2805	http://simpsons.wikia.com/wiki/Treehouse_of_Horror_III
65	6	Itchy & Scratchy: The Movie	2806	http://simpsons.wikia.com/wiki/Itchy_%26_Scratchy:_The_Movie
66	7	Marge Gets a Job	2807	http://simpsons.wikia.com/wiki/Marge_Gets_a_Job
67	8	New Kid on the Block	2808	http://simpsons.wikia.com/wiki/New_Kid_on_the_Block
68	9	Mr. Plow	2809	http://simpsons.wikia.com/wiki/Mr._Plow
69	10	Lisa's First Word	2810	http://simpsons.wikia.com/wiki/Lisa%27s_First_Word
70	11	Homer's Triple Bypass	2811	http://simpsons.wikia.com/wiki/Homer%27s_Triple_Bypass
71	12	Marge vs. the Monorail	2812	http://simpsons.wikia.com/wiki/Marge_vs._the_Monorail
72	13	Selma's Choice	2813	http://simpsons.wikia.com/wiki/Selma%27s_Choice
73	14	Brother from the Same Planet	2814	http://simpsons.wikia.com/wiki/Brother_from_the_Same_Planet
74	15	I Love Lisa	2815	http://simpsons.wikia.com/wiki/I_Love_Lisa
75	16	Duffless	2816	http://simpsons.wikia.com/wiki/Duffless
76	17	Last Exit to Springfield	2817	http://simpsons.wikia.com/wiki/Last_Exit_to_Springfield
77	18	So It's Come to This: A Simpsons Clip Show	2818	http://simpsons.wikia.com/wiki/So_It%27s_Come_to_This:_A_Simpsons_Clip_Show
78	19	The Front	2819	http://simpsons.wikia.com/wiki/The_Front
79	20	Whacking Day	2820	http://simpsons.wikia.com/wiki/Whacking_Day
80	21	Marge in Chains	2821	http://simpsons.wikia.com/wiki/Marge_in_Chains
81	22	Krusty Gets Kancelled	2958	http://simpsons.wikia.com/wiki/Krusty_Gets_Kancelled
82	1	Homer's Barbershop Quartet	1887	http://simpsons.wikia.com/wiki/Homer%27s_Barbershop_Quartet
83	2	Cape Feare	1724	http://simpsons.wikia.com/wiki/Cape_Feare
84	3	Homer Goes to College	1937	http://simpsons.wikia.com/wiki/Homer_Goes_to_College
85	4	Rosebud	1725	http://simpsons.wikia.com/wiki/Rosebud
86	5	Treehouse of Horror IV	1914	http://simpsons.wikia.com/wiki/Treehouse_of_Horror_IV
87	6	Marge on the Lam	1938	http://simpsons.wikia.com/wiki/Marge_on_the_Lam
88	7	Bart's Inner Child	1905	http://simpsons.wikia.com/wiki/Bart%27s_Inner_Child
89	8	Boy-Scoutz 'N the Hood	1916	http://simpsons.wikia.com/wiki/Boy-Scoutz_%27n_the_Hood
90	9	The Last Temptation of Homer	2365	http://simpsons.wikia.com/wiki/The_Last_Temptation_of_Homer
91	10	$pringfield (or, How I Learned to Stop Worrying and Love Legalized Gambling)	1403	http://simpsons.wikia.com/wiki/$pringfield_(Or,_How_I_Learned_to_Stop_Worrying_and_Love_Legalized_Gambling)
92	11	Homer the Vigilante	2354	http://simpsons.wikia.com/wiki/Homer_the_Vigilante
93	12	Bart Gets Famous	1906	http://simpsons.wikia.com/wiki/Bart_Gets_Famous
94	13	Homer and Apu	2823	http://simpsons.wikia.com/wiki/Homer_and_Apu
95	14	Lisa vs. Malibu Stacy	2824	http://simpsons.wikia.com/wiki/Lisa_vs._Malibu_Stacy
96	15	Deep Space Homer	2747	http://simpsons.wikia.com/wiki/Deep_Space_Homer
97	16	Homer Loves Flanders	2825	http://simpsons.wikia.com/wiki/Homer_Loves_Flanders
98	17	Bart Gets an Elephant	2735	http://simpsons.wikia.com/wiki/Bart_Gets_an_Elephant
99	18	Burns' Heir	1908	http://simpsons.wikia.com/wiki/Burns%27_Heir
100	19	Sweet Seymour Skinner's Baadasssss Song	1907	http://simpsons.wikia.com/wiki/Sweet_Seymour_Skinner%27s_Baadasssss_Song
101	20	The Boy Who Knew Too Much	2826	http://simpsons.wikia.com/wiki/The_Boy_Who_Knew_Too_Much
102	21	Lady Bouvier's Lover	2827	http://simpsons.wikia.com/wiki/Lady_Bouvier%27s_Lover
103	22	Secrets of a Successful Marriage	1964	http://simpsons.wikia.com/wiki/Secrets_of_a_Successful_Marriage
104	1	Bart of Darkness	2289	http://simpsons.wikia.com/wiki/Bart_of_Darkness
105	2	Lisa's Rival	2828	http://simpsons.wikia.com/wiki/Lisa%27s_Rival
106	3	Another Simpsons Clip Show	2829	http://simpsons.wikia.com/wiki/Another_Simpsons_Clip_Show
107	4	Itchy & Scratchy Land	2466	http://simpsons.wikia.com/wiki/Itchy_%26_Scratchy_Land
108	5	Sideshow Bob Roberts	2830	http://simpsons.wikia.com/wiki/Sideshow_Bob_Roberts
109	6	Treehouse of Horror V	2100	http://simpsons.wikia.com/wiki/Treehouse_of_Horror_V
110	7	Bart's Girlfriend	2831	http://simpsons.wikia.com/wiki/Bart%27s_Girlfriend
111	8	Lisa on Ice	1911	http://simpsons.wikia.com/wiki/Lisa_on_Ice
112	9	Homer Badman	2833	http://simpsons.wikia.com/wiki/Homer_Badman
113	10	Grampa vs. Sexual Inadequacy	2727	http://simpsons.wikia.com/wiki/Grampa_vs._Sexual_Inadequacy
114	11	Fear of Flying	1912	http://simpsons.wikia.com/wiki/Fear_of_Flying
115	12	Homer the Great	2832	http://simpsons.wikia.com/wiki/Homer_the_Great
116	13	And Maggie Makes Three	2834	http://simpsons.wikia.com/wiki/And_Maggie_Makes_Three
117	14	Bart's Comet	1909	http://simpsons.wikia.com/wiki/Bart%27s_Comet
118	15	Homie the Clown	1904	http://simpsons.wikia.com/wiki/Homie_the_Clown
119	16	Bart vs. Australia	2088	http://simpsons.wikia.com/wiki/Bart_vs._Australia
120	17	Homer vs. Patty and Selma	2835	http://simpsons.wikia.com/wiki/Homer_vs._Patty_and_Selma
121	18	A Star Is Burns	1709	http://simpsons.wikia.com/wiki/A_Star_is_Burns
122	19	Lisa's Wedding	2836	http://simpsons.wikia.com/wiki/Lisa%27s_Wedding
123	20	Two Dozen and One Greyhounds	2837	http://simpsons.wikia.com/wiki/Two_Dozen_and_One_Greyhounds
124	21	The PTA Disbands	2838	http://simpsons.wikia.com/wiki/The_PTA_Disbands
125	22	Round Springfield	2068	http://simpsons.wikia.com/wiki/%27Round_Springfield
126	23	The Springfield Connection	2839	http://simpsons.wikia.com/wiki/The_Springfield_Connection
127	24	Lemon of Troy	1910	http://simpsons.wikia.com/wiki/Lemon_of_Troy
128	25	Who Shot Mr. Burns? (Part One)	1931	http://simpsons.wikia.com/wiki/Who_Shot_Mr._Burns%3F_(Part_One)
129	1	Who Shot Mr. Burns? (Part Two)	2057	http://simpsons.wikia.com/wiki/Who_Shot_Mr._Burns%3F_(Part_Two)
130	2	Radioactive Man	46475	http://simpsons.wikia.com/wiki/Radioactive_Man
131	3	Home Sweet Homediddly-Dum-Doodily	2841	http://simpsons.wikia.com/wiki/Home_Sweet_Homediddly-Dum-Doodily
132	4	Bart Sells His Soul	2842	http://simpsons.wikia.com/wiki/Bart_Sells_His_Soul
133	5	Lisa the Vegetarian	2843	http://simpsons.wikia.com/wiki/Lisa_the_Vegetarian
134	6	Treehouse of Horror VI	2844	http://simpsons.wikia.com/wiki/Treehouse_of_Horror_VI
135	7	King-Size Homer	2845	http://simpsons.wikia.com/wiki/King-Size_Homer
136	8	Mother Simpson	2846	http://simpsons.wikia.com/wiki/Mother_Simpson
137	9	Sideshow Bob's Last Gleaming	2847	http://simpsons.wikia.com/wiki/Sideshow_Bob%27s_Last_Gleaming
138	10	The Simpsons 138th Episode Spectacular	2660	http://simpsons.wikia.com/wiki/The_Simpsons_138th_Episode_Spectacular
139	11	Marge Be Not Proud	2848	http://simpsons.wikia.com/wiki/Marge_Be_Not_Proud
140	12	Team Homer	2500	http://simpsons.wikia.com/wiki/Team_Homer
141	13	Two Bad Neighbors	2914	http://simpsons.wikia.com/wiki/Two_Bad_Neighbors
142	14	Scenes from the Class Struggle in Springfield	2996	http://simpsons.wikia.com/wiki/Scenes_from_the_Class_Struggle_in_Springfield
143	15	Bart the Fink	3601	http://simpsons.wikia.com/wiki/Bart_the_Fink
144	16	Lisa the Iconoclast	3365	http://simpsons.wikia.com/wiki/Lisa_the_Iconoclast
145	17	Homer the Smithers	1948	http://simpsons.wikia.com/wiki/Homer_the_Smithers
146	18	The Day the Violence Died	1913	http://simpsons.wikia.com/wiki/The_Day_the_Violence_Died
147	19	A Fish Called Selma	1708	http://simpsons.wikia.com/wiki/A_Fish_Called_Selma
148	20	Bart on the Road	4240	http://simpsons.wikia.com/wiki/Bart_on_the_Road
149	21	22 Short Films About Springfield	1707	http://simpsons.wikia.com/wiki/22_Short_Films_About_Springfield
150	22	Raging Abe Simpson and His Grumbling Grandson in The Curse of the Flying Hellfish	4428	http://simpsons.wikia.com/wiki/Raging_Abe_Simpson_and_His_Grumbling_Grandson_in_%22The_Curse_of_the_Flying_Hellfish%22
151	23	Much Apu About Nothing	3366	http://simpsons.wikia.com/wiki/Much_Apu_About_Nothing
152	24	Homerpalooza	3720	http://simpsons.wikia.com/wiki/Homerpalooza
153	25	Summer of 4 Ft. 2	2370	http://simpsons.wikia.com/wiki/Summer_of_4_Ft._2_2
154	1	Treehouse of Horror VII	2562	http://simpsons.wikia.com/wiki/Treehouse_of_Horror_VII
155	2	You Only Move Twice	2530	http://simpsons.wikia.com/wiki/You_Only_Move_Twice
156	3	The Homer They Fall	2487	http://simpsons.wikia.com/wiki/The_Homer_They_Fall
157	4	Burns, Baby Burns	2657	http://simpsons.wikia.com/wiki/Burns,_Baby_Burns
158	5	Bart After Dark	2578	http://simpsons.wikia.com/wiki/Bart_After_Dark
159	6	A Milhouse Divided	4241	http://simpsons.wikia.com/wiki/A_Milhouse_Divided
160	7	Lisa's Date with Density	2658	http://simpsons.wikia.com/wiki/Lisa%27s_Date_with_Density
161	8	Hurricane Neddy	2995	http://simpsons.wikia.com/wiki/Hurricane_Neddy
162	9	El Viaje Misterioso de Nuestro Jomer (The Mysterious Voyage of Homer)	4841	http://simpsons.wikia.com/wiki/El_Viaje_Misterioso_de_Nuestro_Jomer_(The_Mysterious_Voyage_of_Homer)
163	10	The Springfield Files	2561	http://simpsons.wikia.com/wiki/The_Springfield_Files
164	11	The Twisted World of Marge Simpson	4846	http://simpsons.wikia.com/wiki/The_Twisted_World_of_Marge_Simpson
165	12	Mountain of Madness	4842	http://simpsons.wikia.com/wiki/Mountain_of_Madness
166	13	Simpsoncalifragilisticexpiala(Annoyed Grunt)cious	2267	http://simpsons.wikia.com/wiki/Simpsoncalifragilisticexpiala(Annoyed_Grunt)cious
167	14	The Itchy & Scratchy & Poochie Show	2254	http://simpsons.wikia.com/wiki/The_Itchy_%26_Scratchy_%26_Poochie_Show
168	15	Homer's Phobia	3717	http://simpsons.wikia.com/wiki/Homer%27s_Phobia
169	16	Brother from Another Series	4843	http://simpsons.wikia.com/wiki/Brother_from_Another_Series
170	17	My Sister, My Sitter	3895	http://simpsons.wikia.com/wiki/My_Sister,_My_Sitter
171	18	Homer vs. the Eighteenth Amendment	2677	http://simpsons.wikia.com/wiki/Homer_vs._the_Eighteenth_Amendment
172	19	Grade School Confidential	4844	http://simpsons.wikia.com/wiki/Grade_School_Confidential
173	20	The Canine Mutiny	4847	http://simpsons.wikia.com/wiki/The_Canine_Mutiny
174	21	The Old Man and the Lisa	4848	http://simpsons.wikia.com/wiki/The_Old_Man_and_the_Lisa
175	22	In Marge We Trust	4845	http://simpsons.wikia.com/wiki/In_Marge_We_Trust
176	23	Homer's Enemy	2553	http://simpsons.wikia.com/wiki/Homer%27s_Enemy
177	24	The Simpsons Spin-Off Showcase	2278	http://simpsons.wikia.com/wiki/The_Simpsons_Spin-Off_Showcase
178	25	The Secret War of Lisa Simpson	4296	http://simpsons.wikia.com/wiki/The_Secret_War_of_Lisa_Simpson
179	1	The City of New York vs. Homer Simpson	2283	http://simpsons.wikia.com/wiki/The_City_of_New_York_vs._Homer_Simpson
180	2	The Principal and the Pauper	2307	http://simpsons.wikia.com/wiki/The_Principal_and_the_Pauper
181	3	Lisa's Sax	4159	http://simpsons.wikia.com/wiki/Lisa%27s_Sax
182	4	Treehouse of Horror VIII	3378	http://simpsons.wikia.com/wiki/Treehouse_of_Horror_VIII
183	5	The Cartridge Family	4160	http://simpsons.wikia.com/wiki/The_Cartridge_Family
184	6	Bart Star	4161	http://simpsons.wikia.com/wiki/Bart_Star
185	7	The Two Mrs. Nahasapeemapetilons	2477	http://simpsons.wikia.com/wiki/The_Two_Mrs._Nahasapeemapetilons
186	8	Lisa the Skeptic	3899	http://simpsons.wikia.com/wiki/Lisa_the_Skeptic
187	9	Realty Bites	2542	http://simpsons.wikia.com/wiki/Realty_Bites
188	10	Miracle on Evergreen Terrace	4162	http://simpsons.wikia.com/wiki/Miracle_on_Evergreen_Terrace
189	11	All Singing, All Dancing	3866	http://simpsons.wikia.com/wiki/All_Singing,_All_Dancing
190	12	Bart Carny	3377	http://simpsons.wikia.com/wiki/Bart_Carny
191	13	The Joy of Sect	4164	http://simpsons.wikia.com/wiki/The_Joy_of_Sect
192	14	Das Bus	2079	http://simpsons.wikia.com/wiki/Das_Bus
193	15	The Last Temptation of Krust	4165	http://simpsons.wikia.com/wiki/The_Last_Temptation_of_Krust
194	16	Dumbbell Indemnity	4166	http://simpsons.wikia.com/wiki/Dumbbell_Indemnity
195	17	Lisa the Simpson	2055	http://simpsons.wikia.com/wiki/Lisa_the_Simpson
196	18	This Little Wiggy	3588	http://simpsons.wikia.com/wiki/This_Little_Wiggy
197	19	Simpson Tide	3066	http://simpsons.wikia.com/wiki/Simpson_Tide
198	20	The Trouble with Trillions	3305	http://simpsons.wikia.com/wiki/The_Trouble_with_Trillions
199	21	Girly Edition	3386	http://simpsons.wikia.com/wiki/Girly_Edition
200	22	Trash of the Titans	2475	http://simpsons.wikia.com/wiki/Trash_of_the_Titans
201	23	King of the Hill	4167	http://simpsons.wikia.com/wiki/King_of_the_Hill
202	24	Lost Our Lisa	4172	http://simpsons.wikia.com/wiki/Lost_Our_Lisa
203	25	Natural Born Kissers	2946	http://simpsons.wikia.com/wiki/Natural_Born_Kissers
204	1	Lard of the Dance	2287	http://simpsons.wikia.com/wiki/Lard_of_the_Dance
205	2	The Wizard of Evergreen Terrace	4250	http://simpsons.wikia.com/wiki/The_Wizard_of_Evergreen_Terrace
206	3	Bart the Mother	4251	http://simpsons.wikia.com/wiki/Bart_the_Mother
207	4	Treehouse of Horror IX	4248	http://simpsons.wikia.com/wiki/Treehouse_of_Horror_IX
208	5	When You Dish Upon a Star	2476	http://simpsons.wikia.com/wiki/When_You_Dish_Upon_a_Star
209	6	D'oh-in' in the Wind	4252	http://simpsons.wikia.com/wiki/D%27oh-in%27_in_the_Wind
210	7	Lisa Gets an A	2482	http://simpsons.wikia.com/wiki/Lisa_Gets_an_%22A%22
211	8	Homer Simpson in: Kidney Trouble	4832	http://simpsons.wikia.com/wiki/Homer_Simpson_in:_%22Kidney_Trouble%22
212	9	Mayored to the Mob	2483	http://simpsons.wikia.com/wiki/Mayored_to_the_Mob
213	10	Viva Ned Flanders	3498	http://simpsons.wikia.com/wiki/Viva_Ned_Flanders
214	11	Wild Barts Can't Be Broken	4833	http://simpsons.wikia.com/wiki/Wild_Barts_Can%27t_Be_Broken
215	12	Sunday, Cruddy Sunday	4834	http://simpsons.wikia.com/wiki/Sunday,_Cruddy_Sunday
216	13	Homer to the Max	4062	http://simpsons.wikia.com/wiki/Homer_to_the_Max
217	14	I'm with Cupid	4835	http://simpsons.wikia.com/wiki/I%27m_with_Cupid
218	15	Marge Simpson in: Screaming Yellow Honkers	2384	http://simpsons.wikia.com/wiki/Marge_Simpson_in:_%22Screaming_Yellow_Honkers%22
219	16	Make Room for Lisa	4836	http://simpsons.wikia.com/wiki/Make_Room_for_Lisa
220	17	Maximum Homerdrive	4837	http://simpsons.wikia.com/wiki/Maximum_Homerdrive
221	18	Simpsons Bible Stories	4838	http://simpsons.wikia.com/wiki/Simpsons_Bible_Stories
222	19	Mom and Pop Art	4839	http://simpsons.wikia.com/wiki/Mom_and_Pop_Art
223	20	The Old Man and the C Student	3307	http://simpsons.wikia.com/wiki/The_Old_Man_and_the_%22C%22_Student
224	21	Monty Can't Buy Me Love	3827	http://simpsons.wikia.com/wiki/Monty_Can%27t_Buy_Me_Love
225	22	They Saved Lisa's Brain	4840	http://simpsons.wikia.com/wiki/They_Saved_Lisa%27s_Brain
226	23	Thirty Minutes over Tokyo	2063	http://simpsons.wikia.com/wiki/Thirty_Minutes_Over_Tokyo
227	1	Beyond Blunderdome	4113	http://simpsons.wikia.com/wiki/Beyond_Blunderdome
228	2	Brother's Little Helper	4114	http://simpsons.wikia.com/wiki/Brother%27s_Little_Helper
229	3	Guess Who's Coming to Criticize Dinner	3354	http://simpsons.wikia.com/wiki/Guess_Who%27s_Coming_to_Criticize_Dinner%3F
230	4	Treehouse of Horror X	4060	http://simpsons.wikia.com/wiki/Treehouse_of_Horror_X
231	5	E-I-E-I-D'oh	4115	http://simpsons.wikia.com/wiki/E-I-E-I-D%27oh
232	6	Hello Gutter, Hello Fadder	4116	http://simpsons.wikia.com/wiki/Hello_Gutter,_Hello_Fadder
233	7	Eight Misbehavin'	4117	http://simpsons.wikia.com/wiki/Eight_Misbehavin%27
234	8	Take My Wife, Sleaze	4118	http://simpsons.wikia.com/wiki/Take_My_Wife,_Sleaze
235	9	Grift of the Magi	4119	http://simpsons.wikia.com/wiki/Grift_of_the_Magi
236	10	Little Big Mom	4121	http://simpsons.wikia.com/wiki/Little_Big_Mom
237	11	Faith Off	3505	http://simpsons.wikia.com/wiki/Faith_Off
238	12	The Mansion Family	2091	http://simpsons.wikia.com/wiki/The_Mansion_Family
239	13	Saddlesore Galactica	4825	http://simpsons.wikia.com/wiki/Saddlesore_Galactica
240	14	Alone Again, Natura-diddily	4112	http://simpsons.wikia.com/wiki/Alone_Again,_Natura-Diddily
241	15	Missionary: Impossible	2349	http://simpsons.wikia.com/wiki/Missionary:_Impossible
242	16	Pygmoelian	4827	http://simpsons.wikia.com/wiki/Pygmoelian
243	17	Bart to the Future	4828	http://simpsons.wikia.com/wiki/Bart_to_the_Future
244	18	Days of Wine and D'oh'ses	4829	http://simpsons.wikia.com/wiki/Days_of_Wine_and_D%27oh%27ses
245	19	Kill the Alligator and Run	4830	http://simpsons.wikia.com/wiki/Kill_the_Alligator_and_Run
246	20	Last Tap Dance in Springfield	4831	http://simpsons.wikia.com/wiki/Last_Tap_Dance_in_Springfield
247	21	It's a Mad, Mad, Mad, Mad Marge	2133	http://simpsons.wikia.com/wiki/It%27s_a_Mad,_Mad,_Mad,_Mad_Marge
248	22	Behind the Laughter	2576	http://simpsons.wikia.com/wiki/Behind_the_Laughter
249	1	Treehouse of Horror XI	4743	http://simpsons.wikia.com/wiki/Treehouse_of_Horror_XI
250	2	A Tale of Two Springfields	4824	http://simpsons.wikia.com/wiki/A_Tale_of_Two_Springfields
251	3	Insane Clown Poppy	2449	http://simpsons.wikia.com/wiki/Insane_Clown_Poppy
252	4	Lisa the Tree Hugger	4812	http://simpsons.wikia.com/wiki/Lisa_the_Tree_Hugger
253	5	Homer vs. Dignity	2883	http://simpsons.wikia.com/wiki/Homer_vs._Dignity
254	6	The Computer Wore Menace Shoes	4823	http://simpsons.wikia.com/wiki/The_Computer_Wore_Menace_Shoes
255	7	The Great Money Caper	4822	http://simpsons.wikia.com/wiki/The_Great_Money_Caper
256	8	Skinner's Sense of Snow	1932	http://simpsons.wikia.com/wiki/Skinner%27s_Sense_of_Snow
257	9	HOMR	126129	http://simpsons.wikia.com/wiki/HOMR
258	10	Pokey Mom	4813	http://simpsons.wikia.com/wiki/Pokey_Mom
259	11	Worst Episode Ever	4814	http://simpsons.wikia.com/wiki/Worst_Episode_Ever
260	12	Tennis the Menace	4815	http://simpsons.wikia.com/wiki/Tennis_the_Menace
261	13	Day of the Jackanapes	4816	http://simpsons.wikia.com/wiki/Day_of_the_Jackanapes
262	14	New Kids on the Blecch	2540	http://simpsons.wikia.com/wiki/New_Kids_on_the_Blecch
263	15	Hungry, Hungry Homer	4817	http://simpsons.wikia.com/wiki/Hungry,_Hungry_Homer
264	16	Bye Bye Nerdie	4818	http://simpsons.wikia.com/wiki/Bye_Bye_Nerdie	
265	17	Simpson Safari	4819	http://simpsons.wikia.com/wiki/Simpson_Safari
266	18	Trilogy of Error	3579	http://simpsons.wikia.com/wiki/Trilogy_of_Error
267	19	I'm Goin' to Praiseland	4820	http://simpsons.wikia.com/wiki/I%27m_Goin%27_to_Praiseland
268	20	Children of a Lesser Clod	2385	http://simpsons.wikia.com/wiki/Children_of_a_Lesser_Clod
269	21	Simpsons Tall Tales	4821	http://simpsons.wikia.com/wiki/Simpsons_Tall_Tales
270	1	Treehouse of Horror XII	4660	http://simpsons.wikia.com/wiki/Treehouse_of_Horror_XII
271	2	The Parent Rap	3714	http://simpsons.wikia.com/wiki/The_Parent_Rap
272	3	Homer the Moe	4764	http://simpsons.wikia.com/wiki/Homer_the_Moe
273	4	A Hunka Hunka Burns in Love	4765	http://simpsons.wikia.com/wiki/A_Hunka_Hunka_Burns_in_Love
274	5	The Blunder Years	2522	http://simpsons.wikia.com/wiki/The_Blunder_Years
275	6	She of Little Faith	4531	http://simpsons.wikia.com/wiki/She_of_Little_Faith
276	7	Brawl in the Family	3715	http://simpsons.wikia.com/wiki/Brawl_in_the_Family
277	8	Sweets and Sour Marge	4766	http://simpsons.wikia.com/wiki/Sweets_and_Sour_Marge
278	9	Jaws Wired Shut	4767	http://simpsons.wikia.com/wiki/Jaws_Wired_Shut
279	10	Half-Decent Proposal	4768	http://simpsons.wikia.com/wiki/Half-Decent_Proposal
280	11	The Bart Wants What It Wants	4769	http://simpsons.wikia.com/wiki/The_Bart_Wants_What_It_Wants
281	12	The Lastest Gun in the West	4770	http://simpsons.wikia.com/wiki/The_Lastest_Gun_in_the_West
282	13	The Old Man and the Key	4771	http://simpsons.wikia.com/wiki/The_Old_Man_and_the_Key
283	14	Tales from the Public Domain	4772	http://simpsons.wikia.com/wiki/Tales_from_the_Public_Domain
284	15	Blame It on Lisa	4773	http://simpsons.wikia.com/wiki/Blame_It_on_Lisa
285	16	Weekend at Burnsie's	2751	http://simpsons.wikia.com/wiki/Weekend_at_Burnsie%27s
286	17	Gump Roast	4774	http://simpsons.wikia.com/wiki/Gump_Roast
287	18	I Am Furious (Yellow)	4775	http://simpsons.wikia.com/wiki/I_Am_Furious_(Yellow)
288	19	The Sweetest Apu	4776	http://simpsons.wikia.com/wiki/The_Sweetest_Apu
289	20	Little Girl in the Big Ten	4777	http://simpsons.wikia.com/wiki/Little_Girl_in_the_Big_Ten
290	21	The Frying Game	4778	http://simpsons.wikia.com/wiki/The_Frying_Game
291	22	Poppa's Got a Brand New Badge	2311	http://simpsons.wikia.com/wiki/Poppa%27s_Got_a_Brand_New_Badge
292	1	Treehouse of Horror XIII	3079	http://simpsons.wikia.com/wiki/Treehouse_of_Horror_XIII
293	2	How I Spent My Strummer Vacation	4793	http://simpsons.wikia.com/wiki/How_I_Spent_My_Strummer_Vacation
294	3	Bart vs. Lisa vs. the Third Grade	2947	http://simpsons.wikia.com/wiki/Bart_vs._Lisa_vs._the_Third_Grade
295	4	Large Marge	1510	http://simpsons.wikia.com/wiki/Large_Marge
296	5	Helter Shelter	3651	http://simpsons.wikia.com/wiki/Helter_Shelter
297	6	The Great Louse Detective	4792	http://simpsons.wikia.com/wiki/The_Great_Louse_Detective
298	7	Special Edna	4791	http://simpsons.wikia.com/wiki/Special_Edna
299	8	The Dad Who Knew Too Little	4790	http://simpsons.wikia.com/wiki/The_Dad_Who_Knew_Too_Little
300	9	The Strong Arms of the Ma	4789	http://simpsons.wikia.com/wiki/The_Strong_Arms_of_the_Ma
301	10	Pray Anything	4788	http://simpsons.wikia.com/wiki/Pray_Anything
302	11	Barting Over	4787	http://simpsons.wikia.com/wiki/Barting_Over
303	12	I'm Spelling As Fast As I Can	1742	http://simpsons.wikia.com/wiki/I%27m_Spelling_as_Fast_as_I_Can
304	13	A Star Is Born-Again	4786	http://simpsons.wikia.com/wiki/A_Star_Is_Born-Again
305	14	Mr. Spritz Goes to Washington	4785	http://simpsons.wikia.com/wiki/Mr._Spritz_Goes_to_Washington
306	15	C.E. D'oh 	4784	http://simpsons.wikia.com/wiki/C.E._D%27oh
307	16	Scuse Me While I Miss the Sky	2912	http://simpsons.wikia.com/wiki/%27Scuse_Me_While_I_Miss_the_Sky
308	17	Three Gays of the Condo	4783	http://simpsons.wikia.com/wiki/Three_Gays_of_the_Condo
309	18	Dude, Where's My Ranch?	2979	http://simpsons.wikia.com/wiki/Dude,_Where%27s_My_Ranch%3F
310	19	Old Yeller-Belly	4782	http://simpsons.wikia.com/wiki/Old_Yeller-Belly
311	20	Brake My Wife, Please	4781	http://simpsons.wikia.com/wiki/Brake_My_Wife,_Please
312	21	The Bart of War	4780	http://simpsons.wikia.com/wiki/The_Bart_of_War
313	22	Moe Baby Blues	4779	http://simpsons.wikia.com/wiki/Moe_Baby_Blues
314	1	Treehouse of Horror XIV	4794	http://simpsons.wikia.com/wiki/Treehouse_of_Horror_XIV
315	2	My Mother the Carjacker	4795	http://simpsons.wikia.com/wiki/My_Mother_the_Carjacker
316	3	The President Wore Pearls	4796	http://simpsons.wikia.com/wiki/The_President_Wore_Pearls
317	4	The Regina Monologues	2966	http://simpsons.wikia.com/wiki/The_Regina_Monologues
318	5	The Fat and the Furriest	4797	http://simpsons.wikia.com/wiki/The_Fat_and_the_Furriest
319	6	Today I Am a Clown	4798	http://simpsons.wikia.com/wiki/Today,_I_Am_a_Clown
320	7	Tis the Fifteenth Season	3823	http://simpsons.wikia.com/wiki/%27Tis_the_Fifteenth_Season
321	8	Marge vs. Singles, Seniors, Childless Couples and Teens and Gays	4799	http://simpsons.wikia.com/wiki/Marge_vs._Singles,_Seniors,_Childless_Couples_and_Teens_and_Gays
322	9	I, (Annoyed Grunt)-bot	1958	http://simpsons.wikia.com/wiki/I,_(Annoyed_Grunt)-Bot
323	10	Diatribe of a Mad Housewife	4800	http://simpsons.wikia.com/wiki/Diatribe_of_a_Mad_Housewife
324	11	Margical History Tour	4801	http://simpsons.wikia.com/wiki/Margical_History_Tour
325	12	Milhouse Doesn't Live Here Anymore	4802	http://simpsons.wikia.com/wiki/Milhouse_Doesn%27t_Live_Here_Anymore
326	13	Smart & Smarter 	4803	http://simpsons.wikia.com/wiki/Smart_and_Smarter
327	14	The Ziff Who Came to Dinner	4804	http://simpsons.wikia.com/wiki/The_Ziff_Who_Came_to_Dinner
328	15	Co-Dependents' Day 	4805	http://simpsons.wikia.com/wiki/Co-Dependent%27s_Day
329	16	The Wandering Juvie	3769	http://simpsons.wikia.com/wiki/The_Wandering_Juvie
330	17	My Big Fat Geek Wedding	4806	http://simpsons.wikia.com/wiki/My_Big_Fat_Geek_Wedding
331	18	Catch 'Em If You Can	4807	http://simpsons.wikia.com/wiki/Catch_%27Em_if_You_Can
332	19	Simple Simpson	4808	http://simpsons.wikia.com/wiki/Simple_Simpson
333	20	The Way We Weren't	4809	http://simpsons.wikia.com/wiki/The_Way_We_Weren%27t
334	21	Bart-Mangled Banner	4810	http://simpsons.wikia.com/wiki/Bart-Mangled_Banner
335	22	Fraudcast News	4811	http://simpsons.wikia.com/wiki/Fraudcast_News
336	1	Treehouse of Horror XV	2237	http://simpsons.wikia.com/wiki/Treehouse_of_Horror_XV
337	2	All's Fair in Oven War	2236	http://simpsons.wikia.com/wiki/All%27s_Fair_in_Oven_War
338	3	Sleeping with the Enemy	4065	http://simpsons.wikia.com/wiki/Sleeping_with_the_Enemy
339	4	She Used to Be My Girl	1939	http://simpsons.wikia.com/wiki/She_Used_to_Be_My_Girl
340	5	Fat Man and Little Boy	2234	http://simpsons.wikia.com/wiki/Fat_Man_and_Little_Boy
341	6	Midnight Rx	2233	http://simpsons.wikia.com/wiki/Midnight_Rx
342	7	Mommie Beerest	2232	http://simpsons.wikia.com/wiki/Mommie_Beerest
343	8	Homer and Ned's Hail Mary Pass	2231	http://simpsons.wikia.com/wiki/Homer_and_Ned%27s_Hail_Mary_Pass
344	9	Pranksta Rap	2230	http://simpsons.wikia.com/wiki/Pranksta_Rap
345	10	There's Something About Marrying	2225	http://simpsons.wikia.com/wiki/There%27s_Something_About_Marrying
346	11	On a Clear Day I Can't See My Sister	2226	http://simpsons.wikia.com/wiki/On_a_Clear_Day_I_Can%27t_See_My_Sister
347	12	Goo Goo Gai Pan	2227	http://simpsons.wikia.com/wiki/Goo_Goo_Gai_Pan
348	13	Mobile Homer	2228	http://simpsons.wikia.com/wiki/Mobile_Homer
349	14	The Seven-Beer Snitch	4051	http://simpsons.wikia.com/wiki/The_Seven-Beer_Snitch
350	15	Future-Drama	2224	http://simpsons.wikia.com/wiki/Future-Drama
351	16	Don't Fear the Roofer	2223	http://simpsons.wikia.com/wiki/Don%27t_Fear_the_Roofer
352	17	The Heartbroke Kid	2222	http://simpsons.wikia.com/wiki/The_Heartbroke_Kid
353	18	A Star Is Torn	1729	http://simpsons.wikia.com/wiki/A_Star_is_Torn
354	19	Thank God It's Doomsday	1728	http://simpsons.wikia.com/wiki/Thank_God_It%27s_Doomsday
355	20	Home Away from Homer	54949	http://simpsons.wikia.com/wiki/Home_Away_from_Homer
356	21	The Father, the Son and the Holy Guest Star	1697	http://simpsons.wikia.com/wiki/The_Father,_the_Son_and_the_Holy_Guest_Star
357	1	The Bonfire of the Manatees	1730	http://simpsons.wikia.com/wiki/The_Bonfire_of_the_Manatees
358	2	The Girl Who Slept Too Little	2203	http://simpsons.wikia.com/wiki/The_Girl_Who_Slept_Too_Little
359	3	Milhouse of Sand and Fog	2204	http://simpsons.wikia.com/wiki/Milhouse_of_Sand_and_Fog
360	4	Treehouse of Horror XVI	2205	http://simpsons.wikia.com/wiki/Treehouse_of_Horror_XVI
361	5	Marge's Son Poisoning	2206	http://simpsons.wikia.com/wiki/Marge%27s_Son_Poisoning
362	6	See Homer Run	2207	http://simpsons.wikia.com/wiki/See_Homer_Run
363	7	The Last of the Red Hat Mamas	2208	http://simpsons.wikia.com/wiki/The_Last_of_the_Red_Hat_Mamas
364	8	The Italian Bob	2209	http://simpsons.wikia.com/wiki/The_Italian_Bob
365	9 	Simpsons Christmas Stories	2182	http://simpsons.wikia.com/wiki/Simpson_Christmas_Stories				
366	10	Homer's Paternity Coot	2211	http://simpsons.wikia.com/wiki/Homer%27s_Paternity_Coot
367	11	We're on the Road to D'ohwhere	2212	http://simpsons.wikia.com/wiki/We%27re_on_The_Road_To_D%27ohwhere
368	12	My Fair Laddy	2213	http://simpsons.wikia.com/wiki/My_Fair_Laddy
369	13	The Seemingly Never-Ending Story	2214	http://simpsons.wikia.com/wiki/The_Seemingly_Never-Ending_Story
370	14	Bart Has Two Mommies	2215	http://simpsons.wikia.com/wiki/Bart_Has_Two_Mommies
371	15	Homer Simpson, This Is Your Wife	2216	http://simpsons.wikia.com/wiki/Homer_Simpson,_This_Is_Your_Wife
372	16	Million-Dollar Abie	2217	http://simpsons.wikia.com/wiki/Million-Dollar_Abie
373	17	Kiss Kiss, Bang Bangalore 	2218	http://simpsons.wikia.com/wiki/Kiss_Kiss_Bang_Bangalore
374	18	The Wettest Stories Ever Told	2219	http://simpsons.wikia.com/wiki/The_Wettest_Stories_Ever_Told
375	19	Girls Just Want to Have Sums	2220	http://simpsons.wikia.com/wiki/Girls_Just_Want_to_Have_Sums
376	20	Regarding Margie	2221	http://simpsons.wikia.com/wiki/Regarding_Margie
377	21	The Monkey Suit	2066	http://simpsons.wikia.com/wiki/The_Monkey_Suit
378	22	Marge and Homer Turn a Couple Play	1777	http://simpsons.wikia.com/wiki/Marge_and_Homer_Turn_a_Couple_Play
379	1	The Mook, the Chef, the Wife and Her Homer	2194	http://simpsons.wikia.com/wiki/The_Mook,_the_Chef,_the_Wife_and_Her_Homer
380	2	Jazzy and the Pussycats	1802	http://simpsons.wikia.com/wiki/Jazzy_and_the_Pussycats
381	3	Please Homer, Don't Hammer 'Em	2197	http://simpsons.wikia.com/wiki/Please_Homer,_Don%27t_Hammer_%27Em
382	4	Treehouse of Horror XVII	1801	http://simpsons.wikia.com/wiki/Treehouse_of_Horror_XVII
383	5	G.I. (Annoyed Grunt)	31929	http://simpsons.wikia.com/wiki/G.I._(Annoyed_Grunt)
384	6	Moe'N'a Lisa	4092	http://simpsons.wikia.com/wiki/Moe%27N%27a_Lisa
385	7	Ice Cream of Margie (with the Light Blue Hair)	2198	http://simpsons.wikia.com/wiki/Ice_Cream_of_Margie_(with_the_Light_Blue_Hair)
386	8	The Haw-Hawed Couple	2201	http://simpsons.wikia.com/wiki/The_Haw-Hawed_Couple
387	9	Kill Gil, Volumes I & II	4090	http://simpsons.wikia.com/wiki/Kill_Gil,_Volumes_I_%26_II
388	10	The Wife Aquatic	2538	http://simpsons.wikia.com/wiki/The_Wife_Aquatic
389	11	Revenge Is a Dish Best Served Three Times	4093	http://simpsons.wikia.com/wiki/Revenge_is_a_Dish_Best_Served_Three_Times
390	12	Little Big Girl	2202	http://simpsons.wikia.com/wiki/Little_Big_Girl
391	13	Springfield Up	2589	http://simpsons.wikia.com/wiki/Springfield_Up
392	14	Yokel Chords	4089	http://simpsons.wikia.com/wiki/Yokel_Chords
393	15 	Rome-Old and Juli-Eh	2705	http://simpsons.wikia.com/wiki/Rome-Old_and_Julie-Eh		
394	16	Homerazzi	2942	http://simpsons.wikia.com/wiki/Homerazzi
395	17	Marge Gamer	4094	http://simpsons.wikia.com/wiki/Marge_Gamer
396	18	The Boys of Bummer	4095	http://simpsons.wikia.com/wiki/The_Boys_of_Bummer
397	19	Crook and Ladder	4096	http://simpsons.wikia.com/wiki/Crook_and_Ladder
398	20	Stop or My Dog Will Shoot!	4097	http://simpsons.wikia.com/wiki/Stop_or_My_Dog_Will_Shoot!
399	21	24 Minutes	2574	http://simpsons.wikia.com/wiki/24_Minutes
400	22	You Kent Always Say What You Want	4098	http://simpsons.wikia.com/wiki/You_Kent_Always_Say_What_You_Want
401	1	He Loves to Fly and He D'ohs	3849	http://simpsons.wikia.com/wiki/He_Loves_to_Fly_and_He_D%27ohs
402	2	The Homer of Seville	3761	http://simpsons.wikia.com/wiki/The_Homer_of_Seville
403	3	Midnight Towboy	3767	http://simpsons.wikia.com/wiki/Midnight_Towboy
404	4	I Don't Wanna Know Why the Caged Bird Sings	3785	http://simpsons.wikia.com/wiki/I_Don%27t_Wanna_Know_Why_the_Caged_Bird_Sings
405	5	Treehouse of Horror XVIII	2954	http://simpsons.wikia.com/wiki/Treehouse_of_Horror_XVIII
406	6	Little Orphan Millie	4129	http://simpsons.wikia.com/wiki/Little_Orphan_Millie
407	7	Husbands and Knives	3580	http://simpsons.wikia.com/wiki/Husbands_and_Knives
408	8	Funeral for a Fiend	4130	http://simpsons.wikia.com/wiki/Funeral_for_a_Fiend
409	9	Eternal Moonshine of the Simpson Mind	4258	http://simpsons.wikia.com/wiki/Eternal_Moonshine_of_the_Simpson_Mind
410	10	E Pluribus Wiggum	92596	http://simpsons.wikia.com/wiki/E_Pluribus_Wiggum
411	11	That '90s Show	4731	http://simpsons.wikia.com/wiki/That_%2790s_Show
412	12	Love, Springfieldian Style	4729	http://simpsons.wikia.com/wiki/Love,_Springfieldian_Style
413	13	The Debarted	4725	http://simpsons.wikia.com/wiki/The_Debarted
414	14 	Dial 'N' for Nerder	4732	http://simpsons.wikia.com/wiki/Dial_%22N%22_for_Nerder			
415	15	Smoke on the Daughter	4730	http://simpsons.wikia.com/wiki/Smoke_on_the_Daughter
416	16	Papa Don't Leech	6813	http://simpsons.wikia.com/wiki/Papa_Don%27t_Leech
417	17	Apocalypse Cow	7258	http://simpsons.wikia.com/wiki/Apocalypse_Cow
418	18	Any Given Sundance	7287	http://simpsons.wikia.com/wiki/Any_Given_Sundance
419	19	Mona Leaves-a	5750	http://simpsons.wikia.com/wiki/Mona_Leaves-a
420	20	All About Lisa	4726	http://simpsons.wikia.com/wiki/All_About_Lisa
421	1	Sex, Pies, and Idiot Scrapes	8588	http://simpsons.wikia.com/wiki/Sex,_Pies,_and_Idiot_Scrapes
422	2	Lost Verizon	3893	http://simpsons.wikia.com/wiki/Lost_Verizon
423	3	Double, Double, Boy in Trouble	4727	http://simpsons.wikia.com/wiki/Double,_Double,_Boy_in_Trouble
424	4	Treehouse of Horror XIX	8422	http://simpsons.wikia.com/wiki/Treehouse_of_Horror_XIX
425	5	Dangerous Curves	8833	http://simpsons.wikia.com/wiki/Dangerous_Curves
426	6	Homer and Lisa Exchange Cross Words	8964	http://simpsons.wikia.com/wiki/Homer_and_Lisa_Exchange_Cross_Words
427	7	MyPods and Boomsticks	8590	http://simpsons.wikia.com/wiki/Mypods_and_Boomsticks
428	8	The Burns and the Bees	92601	http://simpsons.wikia.com/wiki/The_Burns_And_The_Bees
429	9	Lisa the Drama Queen	8613	http://simpsons.wikia.com/wiki/Lisa_the_Drama_Queen
430	10	Take My Life, Please	8777	http://simpsons.wikia.com/wiki/Take_My_Life,_Please
431	11	How the Test Was Won	92603	http://simpsons.wikia.com/wiki/How_The_Test_Was_Won
432	12	No Loan Again, Naturally	9778	http://simpsons.wikia.com/wiki/No_Loan_Again,_Naturally
433	13	Gone Maggie Gone	10082	http://simpsons.wikia.com/wiki/Gone_Maggie_Gone
434	14	In the Name of the Grandfather	92604	http://simpsons.wikia.com/wiki/In_The_Name_Of_The_Grandfather
435	15	Wedding for Disaster	10075	http://simpsons.wikia.com/wiki/Wedding_for_Disaster
436	16 	Eeny Teeny Maya Moe 	10079	http://simpsons.wikia.com/wiki/Eeny_Teeny_Maya,_Moe
437	17 	The Good, the Sad and the Drugly	9506	http://simpsons.wikia.com/wiki/The_Good,_the_Sad_and_the_Drugly		
438	18	Father Knows Worst	9195	http://simpsons.wikia.com/wiki/Father_Knows_Worst
439	19	Waverly Hills, 9-0-2-1-D'oh	9504	http://simpsons.wikia.com/wiki/Waverly_Hills,_9-0-2-1-D%27oh
440	20	Four Great Women and a Manicure	8962	http://simpsons.wikia.com/wiki/Four_Great_Women_and_a_Manicure
441	21	Coming to Homerica	92607	http://simpsons.wikia.com/wiki/Coming_To_Homerica
442	1	Homer the Whopper	10078	http://simpsons.wikia.com/wiki/Homer_the_Whopper
443	2	Bart Gets a 'Z'	10077	http://simpsons.wikia.com/wiki/Bart_Gets_a_%22Z%22	
444	3	The Great Wife Hope	9646	http://simpsons.wikia.com/wiki/The_Great_Wife_Hope
445	4	Treehouse of Horror XX	10128	http://simpsons.wikia.com/wiki/Treehouse_of_Horror_XX
446	5	The Devil Wears Nada	9617	http://simpsons.wikia.com/wiki/The_Devil_Wears_Nada
447	6	Pranks and Greens	92610	http://simpsons.wikia.com/wiki/Pranks_And_Greens
448	7	Rednecks and Broomsticks	10081	http://simpsons.wikia.com/wiki/Rednecks_and_Broomsticks
449	8	O Brother, Where Bart Thou?	15801	http://simpsons.wikia.com/wiki/O_Brother,_Where_Bart_Thou%3F
450	9	Thursdays with Abie	14898	http://simpsons.wikia.com/wiki/Thursdays_with_Abie
451	10	Once Upon a Time in Springfield	10080	http://simpsons.wikia.com/wiki/Once_Upon_a_Time_in_Springfield
452	11	Million Dollar Maybe	14904	http://simpsons.wikia.com/wiki/Million_Dollar_Maybe
453	12	Boy Meets Curl	17287	http://simpsons.wikia.com/wiki/Boy_Meets_Curl
454	13	The Color Yellow	17320	http://simpsons.wikia.com/wiki/The_Color_Yellow
455	14	Postcards from the Wedge	16542	http://simpsons.wikia.com/wiki/Postcards_From_the_Wedge
456	15	Stealing First Base	17758	http://simpsons.wikia.com/wiki/Stealing_First_Base
457	16	The Greatest Story Ever D'ohed	14623	http://simpsons.wikia.com/wiki/The_Greatest_Story_Ever_D%27ohed
458	17	American History X-cellent	19652	http://simpsons.wikia.com/wiki/American_History_X-cellent
459	18	Chief of Hearts	20112	http://simpsons.wikia.com/wiki/Chief_of_Hearts
460	19	The Squirt and the Whale	19724	http://simpsons.wikia.com/wiki/The_Squirt_and_the_Whale
461	20	To Surveil with Love	16546	http://simpsons.wikia.com/wiki/To_Surveil_With_Love
462	21	Moe Letter Blues	16545	http://simpsons.wikia.com/wiki/Moe_Letter_Blues
463	22	The Bob Next Door	15688	http://simpsons.wikia.com/wiki/The_Bob_Next_Door
464	23	Judge Me Tender	19725	http://simpsons.wikia.com/wiki/Judge_Me_Tender
465	1	Elementary School Musical	27877	http://simpsons.wikia.com/wiki/Elementary_School_Musical
466	2	Loan-a Lisa	24522	http://simpsons.wikia.com/wiki/Loan-a_Lisa
467	3	MoneyBART	19726	http://simpsons.wikia.com/wiki/MoneyBART
468	4	Treehouse of Horror XXI	21378	http://simpsons.wikia.com/wiki/Treehouse_of_Horror_XXI
469	5	Lisa Simpson, This Isn't Your Life	21377	http://simpsons.wikia.com/wiki/Lisa_Simpson,_This_Isn%27t_Your_Life
470	6	The Fool Monty	28410	http://simpsons.wikia.com/wiki/The_Fool_Monty
471	7	How Munched is That Birdie in the Window?	28409	http://simpsons.wikia.com/wiki/How_Munched_Is_That_Birdie_in_the_Window%3F
472	8	The Fight Before Christmas	20692	http://simpsons.wikia.com/wiki/The_Fight_Before_Christmas
473	9	Donnie Fatso	19727	http://simpsons.wikia.com/wiki/Donnie_Fatso
474	10	Moms I'd Like to Forget	136501	http://simpsons.wikia.com/wiki/Moms_I%27d_Like_To_Forget
475	11	Flaming Moe	29059	http://simpsons.wikia.com/wiki/Flaming_Moe
476	12	Homer the Father	23100	http://simpsons.wikia.com/wiki/Homer_the_Father
477	13	The Blue and the Gray	31687	http://simpsons.wikia.com/wiki/The_Blue_and_the_Gray
478	14	Angry Dad: The Movie	35686	http://simpsons.wikia.com/wiki/Angry_Dad:_The_Movie
479	15	The Scorpion's Tale	35687	http://simpsons.wikia.com/wiki/The_Scorpion%27s_Tale
480	16	A Midsummer's Nice Dream	39113	http://simpsons.wikia.com/wiki/A_Midsummer%27s_Nice_Dream
481	17	Love Is a Many Strangled Thing	113218	http://simpsons.wikia.com/wiki/Love_Is_a_Many_Strangled_Thing
482	18	The Great Simpsina	40942	http://simpsons.wikia.com/wiki/The_Great_Simpsina
483	19	The Real Housewives of Fat Tony	36868	http://simpsons.wikia.com/wiki/The_Real_Housewives_of_Fat_Tony
484	20	Homer Scissorhands	35685	http://simpsons.wikia.com/wiki/Homer_Scissorhands
485	21	500 Keys	36503	http://simpsons.wikia.com/wiki/500_Keys
486	22	The Ned-Liest Catch	42030	http://simpsons.wikia.com/wiki/The_Ned-liest_Catch
487	1	The Falcon and the D'ohman	42031	http://simpsons.wikia.com/wiki/The_Falcon_and_the_D%27ohman
488	2	Bart Stops to Smell the Roosevelts	42097	http://simpsons.wikia.com/wiki/Bart_Stops_to_Smell_the_Roosevelts
489	3	Treehouse of Horror XXII	42099	http://simpsons.wikia.com/wiki/Treehouse_of_Horror_XXII
490	4	Replaceable You	36863	http://simpsons.wikia.com/wiki/Replaceable_You
491	5	The Food Wife	45115	http://simpsons.wikia.com/wiki/The_Food_Wife
492	6	The Book Job	38019	http://simpsons.wikia.com/wiki/The_Book_Job
493	7	The Man in the Blue Flannel Pants	42098	http://simpsons.wikia.com/wiki/The_Man_in_the_Blue_Flannel_Pants
494	8	The Ten-Per-Cent Solution	46439	http://simpsons.wikia.com/wiki/The_Ten-Per-Cent_Solution
495	9	Holidays of Future Passed	36867	http://simpsons.wikia.com/wiki/Holidays_of_Future_Passed
496	10	Politically Inept, with Homer Simpson	47095	http://simpsons.wikia.com/wiki/Politically_Inept,_with_Homer_Simpson
497	11	The D'oh-cial Network	47587	http://simpsons.wikia.com/wiki/The_D%27oh-cial_Network
498	12	Moe Goes from Rags to Riches	133183	http://simpsons.wikia.com/wiki/Moe_Goes_From_Rags_To_Riches
499	13	The Daughter Also Rises	44483	http://simpsons.wikia.com/wiki/The_Daughter_Also_Rises
500	14	At Long Last Leave	44485	http://simpsons.wikia.com/wiki/At_Long_Last_Leave
501	15	Exit Through the Kwik-E-Mart	50442	http://simpsons.wikia.com/wiki/Exit_Through_the_Kwik-E-Mart
502	16	How I Wet Your Mother	50429	http://simpsons.wikia.com/wiki/How_I_Wet_Your_Mother
503	17	Them, Robot	50577	http://simpsons.wikia.com/wiki/Them,_Robot
504	18	Beware My Cheating Bart	48629	http://simpsons.wikia.com/wiki/Beware_My_Cheating_Bart
505	19	A Totally Fun Thing That Bart Will Never Do Again	48012	http://simpsons.wikia.com/wiki/A_Totally_Fun_Thing_That_Bart_Will_Never_Do_Again
506	20	The Spy Who Learned Me	44488	http://simpsons.wikia.com/wiki/The_Spy_Who_Learned_Me
507	21	Ned 'n Edna's Blend	51879	http://simpsons.wikia.com/wiki/Ned_%27N_Edna%27s_Blend
508	22	Lisa Goes Gaga	46463	http://simpsons.wikia.com/wiki/Lisa_Goes_Gaga
509	1	Moonshine River	52247	http://simpsons.wikia.com/wiki/Moonshine_River
510	2	Treehouse of Horror XXIII	48025	http://simpsons.wikia.com/wiki/Treehouse_of_Horror_XXIII
511	3	Adventures in Baby-Getting	55128	http://simpsons.wikia.com/wiki/Adventures_in_Baby-Getting
512	4	Gone Abie Gone	52645	http://simpsons.wikia.com/wiki/Gone_Abie_Gone
513	5	Penny-Wiseguys	50482	http://simpsons.wikia.com/wiki/Penny-Wiseguys
514	6	A Tree Grows in Springfield	52650	http://simpsons.wikia.com/wiki/A_Tree_Grows_in_Springfield
515	7	The Day the Earth Stood Cool	52651	http://simpsons.wikia.com/wiki/The_Day_the_Earth_Stood_Cool
516	8	To Cur with Love	55901	http://simpsons.wikia.com/wiki/To_Cur_With_Love
517	9	Homer Goes to Prep School	56599	http://simpsons.wikia.com/wiki/Homer_Goes_to_Prep_School
518	10	A Test Before Trying	57901	http://simpsons.wikia.com/wiki/A_Test_Before_Trying
519	11	The Changing of the Guardian	55836	http://simpsons.wikia.com/wiki/Changing_of_the_Guardian			
520	12 	Love is a Many-Splintered Thing	53906	http://simpsons.wikia.com/wiki/Love_Is_a_Many-Splintered_Thing			
521	13	Hardly Kirk-ing	54880	http://simpsons.wikia.com/wiki/Hardly_Kirk-ing
522	14	Gorgeous Grampa	59343	http://simpsons.wikia.com/wiki/Gorgeous_Grampa
523	15	Black Eyed, Please	147623	http://simpsons.wikia.com/wiki/Black-eyed_Please
524	16	Dark Knight Court	60348	http://simpsons.wikia.com/wiki/Dark_Knight_Court
525	17	What Animated Women Want	58584	http://simpsons.wikia.com/wiki/What_Animated_Women_Want
526	18	Pulpit Friction	53908	http://simpsons.wikia.com/wiki/Pulpit_Friction
527	19	Whiskey Business	64275	http://simpsons.wikia.com/wiki/Whiskey_Business
528	20	The Fabulous Faker Boy	60455	http://simpsons.wikia.com/wiki/The_Fabulous_Faker_Boy
529	21	The Saga of Carl	65058	http://simpsons.wikia.com/wiki/The_Saga_of_Carl
530	22	Dangers on a Train	56459	http://simpsons.wikia.com/wiki/Dangers_on_a_Train
531	1	Homerland	62407	http://simpsons.wikia.com/wiki/Homerland
532	2	Treehouse of Horror XXIV	51032	http://simpsons.wikia.com/wiki/Treehouse_of_Horror_XXIV
533	3	Four Regrettings and a Funeral	104456	http://simpsons.wikia.com/wiki/Four_Regrettings_And_A_Funeral
534	4	YOLO	101870	http://simpsons.wikia.com/wiki/Yolo
535	5	Labor Pains	100021	http://simpsons.wikia.com/wiki/Labor_Pains
536	6	The Kid Is All Right	104432	http://simpsons.wikia.com/wiki/The_Kid_is_All_Right
537	7	Yellow Subterfuge	98949	http://simpsons.wikia.com/wiki/Yellow_Subterfuge
538	8	White Christmas Blues	62216	http://simpsons.wikia.com/wiki/White_Christmas_Blues
539	9	Steal This Episode	98090	http://simpsons.wikia.com/wiki/Steal_This_Episode
540	10	Married to the Blob	111293	http://simpsons.wikia.com/wiki/Married_to_the_Blob
541	11	Specs and the City	113027	http://simpsons.wikia.com/wiki/Specs_and_the_City
542	12	Diggs	104703	http://simpsons.wikia.com/wiki/Diggs
543	13	The Man Who Grew Too Much	115372	http://simpsons.wikia.com/wiki/The_Man_Who_Grew_Too_Much
544	14	The Winter of His Content	107755	http://simpsons.wikia.com/wiki/The_Winter_of_His_Content
545	15	The War of Art	107754	http://simpsons.wikia.com/wiki/The_War_of_Art
546	16	You Don't Have to Live Like a Referee	107682	http://simpsons.wikia.com/wiki/You_Don%27t_Have_to_Live_Like_a_Referee
547	17	Luca$	110381	http://simpsons.wikia.com/wiki/Luca$
548	18	Days of Future Future	103101	http://simpsons.wikia.com/wiki/Days_of_Future_Future
549	19	What to Expect When Bart's Expecting	104704	http://simpsons.wikia.com/wiki/What_to_Expect_When_Bart%27s_Expecting
550	20	Brick Like Me	118603	http://simpsons.wikia.com/wiki/Brick_Like_Me
551	21	Pay Pal	107756	http://simpsons.wikia.com/wiki/Pay_Pal
552	22	The Yellow Badge of Cowardge	122202	http://simpsons.wikia.com/wiki/The_Yellow_Badge_of_Cowardge
553	1	Clown in the Dumps	121571	http://simpsons.wikia.com/wiki/Clown_in_the_Dumps
554	2	The Wreck of the Relationship	122429	http://simpsons.wikia.com/wiki/The_Wreck_of_the_Relationship
555	3	Super Franchise Me	121828	http://simpsons.wikia.com/wiki/Super_Franchise_Me
556	4	Treehouse of Horror XXV	108498	http://simpsons.wikia.com/wiki/Treehouse_of_Horror_XXV
557	5	Opposites A-Frack	121568	http://simpsons.wikia.com/wiki/Opposites_A-Frack
558	6	Simpsorama	96247	http://simpsons.wikia.com/wiki/Simpsorama
559	7	Blazed and Confused	123633	http://simpsons.wikia.com/wiki/Blazed_and_Confused
560	8	Covercraft	127382	http://simpsons.wikia.com/wiki/Covercraft
561	9	I Won't Be Home for Christmas	123339	http://simpsons.wikia.com/wiki/I_Won%27t_Be_Home_for_Christmas
562	10	The Man Who Came to Be Dinner	100059	http://simpsons.wikia.com/wiki/The_Man_Who_Came_to_Be_Dinner
563	11	Bart's New Friend	125596	http://simpsons.wikia.com/wiki/Bart%27s_New_Friend
564	12	The Musk Who Fell To Earth	123340	http://simpsons.wikia.com/wiki/The_Musk_Who_Fell_To_Earth
565	13	Walking Big & Tall	133374	http://simpsons.wikia.com/wiki/Walking_Big_%26_Tall
566	14	My Fare Lady	130716	http://simpsons.wikia.com/wiki/My_Fare_Lady
567	15	The Princess Guide	129149	http://simpsons.wikia.com/wiki/The_Princess_Guide	
568	16	Sky Police	127634	http://simpsons.wikia.com/wiki/Sky_Police
569	17	Waiting for Duffman	132475	http://simpsons.wikia.com/wiki/Waiting_for_Duffman	
570	18	Peeping Mom	125187	http://simpsons.wikia.com/wiki/Peeping_Mom
571	19	The Kids Are All Fight	132326	http://simpsons.wikia.com/wiki/The_Kids_Are_All_Fight	
572	20	Let's Go Fly a Coot	133191	http://simpsons.wikia.com/wiki/Let%27s_Go_Fly_a_Coot	
573	21	Bull-E	150013	http://simpsons.wikia.com/wiki/Bull-E
574	22	Mathlete's Feat	140254	http://simpsons.wikia.com/wiki/Mathlete%27s_Feat	
575	1	Every Man's Dream	133353 	http://simpsons.wikia.com/wiki/Every_Man%27s_Dream		
576	2	Cue Detective	144856	http://simpsons.wikia.com/wiki/Cue_Detective
577	3	Puffless	138379	http://simpsons.wikia.com/wiki/Puffless
578	4	Halloween of Horror	136877	http://simpsons.wikia.com/wiki/Halloween_of_Horror
579	5	Treehouse of Horror XXVI	136876	http://simpsons.wikia.com/wiki/Treehouse_of_Horror_XXVI
580	6	Friend with Benefit	151582	http://simpsons.wikia.com/wiki/Friend_with_Benefit
581	7	Lisa with an 'S'	136878	http://simpsons.wikia.com/wiki/Lisa_with_an_%22S%22
582	8	Paths of Glory	154114	http://simpsons.wikia.com/wiki/Paths_of_Glory
583	9	Barthood	154291	http://simpsons.wikia.com/wiki/Barthood
584	10	Much Apu About Something 	155423	http://simpsons.wikia.com/wiki/Much_Apu_About_Something 
585	11	Gal of Constant Sorrow	154493	http://simpsons.wikia.com/wiki/Gal_of_Constant_Sorrow
586	12	Love Is in the N2-O2-Ar-CO2-Ne-He-CH4	154665	http://simpsons.wikia.com/wiki/Love_Is_in_the_N2-O2-Ar-CO2-Ne-He-CH4
587	13	Lisa the Veterinarian	154895	http://simpsons.wikia.com/wiki/Lisa_the_Veterinarian
588	14	The Marge-ian Chronicles	155352	http://simpsons.wikia.com/wiki/The_Marge-ian_Chronicles